,region,context
0,中国香港,自3月25日0时起，所有非香港居民从海外国家或地区乘飞机抵达香港国际机场后，将无法入境香港；从内地、澳门及台湾入境的非香港居民，如果过去14天到过海外国家或地区，将无法入境；香港国际机场将暂停一切转机服务；所有从台湾、澳门入境的人士，包括香港居民，都需要接受为期14天的强制检疫。 4月28日消息，原定于5月7日自动失效的《若干到港人士强制检疫规例》有效期将延长至6月7日。即：所有从内地抵港，且入境前14天曾逗留内地、澳门、台湾人士，不分国籍和出入境证件类型，均须接受14天强制隔离检疫。同时，赴港签注有效期不足14天的人士、湖北居民或抵港前14天曾经逗留湖北的非香港居民将不得入境。此外，自4月29日0时起，在原有4类入境香港豁免强制检疫人员的基础上增加2类豁免人员：1.任何根据教育条例注册的学校接受幼儿，幼稚园、小学和中学教育的抵港人士或提供该等教育或安全进行行程的人士如跨境学生或相关服务提供者；2.拥有符合香港经济发展利益的生产作业活动或提供专业服务的人士。（原4类豁免人员为：1.需在往返外国的航班工作的机组人员或在货船工作的人员；2.履行官方职责的各地方政府人员，包括领馆人员；3.获特区政府认可，进行有关抗疫工作的人员；4.香港居民的配偶或未成年子女。）
1,中国澳门,自3月18日0时起，禁止所有非本地居民进入澳门，内地、香港特区和台湾地区居民及外地雇员身份认别证持有者除外。所有在14天内曾到过香港、台湾的入境澳门人员均需在卫生部门指定地点接受14天医学观察。 自3月19日0时起，禁止所有外地雇员身份认别证持有者进入澳门，但拥有中国内地、香港和台湾地区居民身份证的外地雇员身份认别证持有者除外。 自3月25日0时起，禁止所有14天内曾到外国的内地、香港和台湾居民入境澳门，澳门机场停止转机服务。结合此前的规定，所有外国人以及14天内到过外国的内地、香港、台湾居民禁止入境。 自5月11日6时起，所有由内地入境澳门人士，均须持有7日内病毒核酸检测证明（已经采样或检测证明为阴性）；有关证明可以以澳门健康码或粵康码显示；未能出示上述核酸证明者，澳门居民须即时接受核酸检测；非澳门居民可被拒入境。核酸检测将代替此前6至8小时医学检查措施。所有属内地居民的澳门外地雇员身份认别证持有者，同时具备以下条件方可入境：1.拥有珠海市户籍或持有珠海巿居住证；2.持有由卫生部门或珠海市认可的机构的七天内核酸检测阴性结果证明或采样证明；3.出示的澳门健康码为绿码。基于公共利益，尤其是防治疾病、紧急救援，以及维持澳门正常运作或居民基本生活所需的例外情況，卫生部门可豁免上款所指人士遵守有关的措施。上述符合资格的内地雇员，无需在珠海指定地点进行十四日的医学观察并取得无感染新冠病毒的医生证明。
2,中国台湾,自2月6日起，居住地在大陆地区的大陆居民暂缓入境（持有居留证的台湾居民的大陆配偶除外）。自2月10日起，所有经大陆、香港及澳门转机入境台湾地区的旅客，一律居家检疫14天。自2月10日至4月29日，两岸客运航线除往返北京首都机场、上海浦东及虹桥机场、厦门高崎机场及成都双流机场航线外，其余大陆城市往返台湾地区客运航班暂停，两岸海运客运直航航线及航班暂停。自2月10日起，暂停金门、马祖小三通客运船舶往来。自3月24日0时起至4月30日，全面禁止旅客经台湾转机。4月27日消息，原4月29日到期的“限缩两岸航空客运直航航线”及4月30日到期的“全面禁止旅客来台转机”政策继续延长执行。根据台湾疫情防疫部门通告：自5月4日零时起，自台湾以外地区入台乘客，登机前应填写《入境健康声明暨居家检疫通知书》，同时须确认住处是否符合居家检疫条件。
3,新加坡,自3月23日23时59分起，所有短期访客（不含新加坡公民、永久居民和长期准证持有者），无论国籍，无论来自国外何地，均不得入境新加坡或在新加坡过境转机。自3月25日23时59分起，自英国、美国返新人员将从机场直接送往政府指定的酒店，按照“居家通告”隔离14天，相关费用由政府负担。自3月29日23时59分起，所有长期准证持有者入境新加坡前，必须先获得新政府部门批准。目前在国外的长期访问准证持有者（含原则批准信持有者）入境前须经新移民局批准；工作准证持有者（含原则批准信持有者）及其家属入境前须经新人力部批准；学生准证持有者（含原则批准信持有者）入境前须经新教育部批准。获准入境者将收到相关部门签发的有效期为两周的批准信，并凭此信办理登机和入关手续。没有得到批准而入境者必须在48小时内自费离开，否则相关准证将被吊销。 
4,日本,自5月27日起，印度等11个国家被日本列为新增入境限制国。根据日本目前的入境限制政策，持中国湖北省、浙江省签发护照者及入境日本前14日内曾到访或居住在以下国家（地区）的外国人原则上无法入境日本（有下划线的国家为新增）。亚洲：印度、印度尼西亚、新加坡、泰国、韩国、中国（含港澳台地区）、菲律宾、文莱、越南、马来西亚、马尔代夫、哈萨克斯坦、吉尔吉斯斯坦、塔吉克斯坦、孟加拉国、巴基斯坦。大洋洲：澳大利亚、新西兰。北美：加拿大、美国。中南美：阿根廷、萨尔瓦多、安提瓜和巴布达、乌拉圭、厄瓜多尔、哥伦比亚、智利、秘鲁、圣基茨和尼维斯联邦、多米尼加、巴巴多斯、多米尼克、巴拿马、巴哈马、巴西、玻利维亚、洪都拉斯、墨西哥。欧洲：冰岛、爱尔兰、阿塞拜疆、阿尔巴尼亚、亚美尼亚、安道尔、意大利、英国、俄罗斯、白俄罗斯、乌克兰、爱沙尼亚、奥地利、荷兰、北马其顿、塞浦路斯、希腊、克罗地亚、圣马力诺、瑞士、瑞典、西班牙、斯洛文尼亚、斯洛伐克、塞尔维亚、捷克、丹麦、德国、挪威、梵蒂冈、匈牙利、芬兰、法国、保加利亚、比利时、波兰、波黑、葡萄牙、马耳他、摩纳哥、摩尔多瓦、拉脱维亚、立陶宛、列支敦士登、罗马尼亚、卢森堡。中东地区：阿富汗、阿联酋、阿曼、卡塔尔、科威特、沙特阿拉伯、以色列、伊朗、土耳其、巴林。非洲：加纳、埃及、佛得角、加蓬、几内亚比绍、几内亚、圣多美和普林西比、科特迪瓦、刚果民主共和国、毛里求斯、吉布提、赤道几内亚、摩洛哥、南非。5月27日后到访印度等11国的持日本永住、日本人配偶、永住者配偶、定住者资格者及无在留资格的日本人配偶、子女等也无法入境日本，特别永住者除外。请注意即使在上述国家（地区）不入境转机，也无法入境日本，将会被遣返回出发地或转机国（地区）。 
5,韩国,"自2月4日起，对持有中国湖北省签发护照的中国公民（除非能够证明过去14天内未访问、逗留中国湖北省），以及过去14天有访问过中国湖北省的所有外国人采取全面禁止入境措施。暂时中断济州岛免签制度。 自2月5日起，暂停中国公民自韩国过境免签政策。所有途经港澳入境的旅客需在抵达机场后提交健康状态问卷并接受体温检测。 自3月19日起，凡入境韩国的旅客，不分国籍，均须接受一对一体温监测，并向防疫部门提交健康状态卡，旅客还须告知韩国防疫部门有效手机号码和住址，并下载自我诊断手机软件，若超过两天输入""有症状""信息，防疫部门将判断其是否为疑似患者，随后展开检测。 自4月1日起，所有入境人员均需居家隔离14天。如在韩无住所，需集中隔离观察，且费用自理。 4月9日消息，所有韩国驻外使领馆于4月5日前签发的短期签证（滞留期90天内）暂时中止效力，但一些受邀于韩国内企业的高级技术人员及就业、投资等长期签证持有者不在中止范围内。今后，所有申请签证的外国人须在申请日之前48小时内接受医学检查并提交诊断书。 自5月11日起，所有海外入境者须在入境后14日内接受新冠肺炎检测。 自6月1日起，持外国人登录证人员需在离境前到外国人出入境管理事务所办理再入境许可，否则无法再次入境韩国。外国人登录证类别为A-1、A-2、A-3、F-4人员，以及持有效难民证人员无需办理再入境许可。再入境韩国时，需出示医疗机构48小时内出具的英文或韩文健康诊断书，内容包括有无发热、咳嗽、恶寒、头痛、呼吸困难、肌肉酸痛、肺炎等新冠肺炎疑似症状，并附检测医师签名和检测日期。外国人登录证类别为A-1、A-2、A-3、F-4人员，以及持韩国驻外使领馆出具的“免隔离证明”人员无需提交健康诊断书。5月31日24时前离境的持登录证人员再入境时无需出示再入境许可，但需出示健康诊断书。"
6,马来西亚,自3月18日起，禁止马来西亚人离境及非马来西亚人入境。外国游客、访客以及持劳工签证、学生签证、工作签证、技术专才签证、家属签证和第二家园长期签证的外国人，不允许入境。政府宣布的基本必须行业雇佣的外籍员工可以入境，须提供雇主证明信，还须通过关口健康检查并自我隔离14天。持有长期家属签证的马来西亚公民的配偶及子女可以入境，亦须通过关口健康检查并自我隔离14天。马政府允许通过马来西亚转机区域（不经过移民局入境）转机前往第三国，但由于个人行程情况不同，具体能否从马来西亚转机请务必向承运的航空公司进一步确认。
7,越南,自3月22日0时起，禁止所有外国人入境，该规定不适用于因“外交”或“公务”目的入境越南的人员或特殊情况入境的人员（如出席、服务重要对外活动的外国客人；专家、企业管理者和高技术劳工）；所向越裔外国人或其家属的签发的免签入境证书暂时无效。入境越南的人员需遵守卫生检查流程并实施集中隔离，因外交和公务目的人员和特殊情况入境人员（出席、服务重要对外活动的外国客人；专家、企业管理者和高技术劳工）按照规定在居住场所进行隔离。 自4月1日起，暂时关闭越南-老挝和越南-柬埔寨边境口岸和通道；国际口岸允许外交、公务目的和其他特殊情况人员入境。 4月9日消息，要求继续管控好边境地区，限制外国人和旅外越南人入境越南（特殊情况除外）；暂停运营国际航班（经政府总理批准执行公民保护任务的航班除外）；最大限度地限制国内航班；继续提醒旅外越南公民在4月15日前不要回国。对入境人员一律进行隔离等。
8,泰国,3月5日，泰国要求韩国、中国（包括香港、澳门）、意大利和伊朗四国始发旅客及14天内入境转机旅客，赴泰须进行检疫申报并填写健康信息卡，入境后需隔离14天。3月13日至9月30日，泰国取消含中国在内18国落地签申请。自3月22日起，所有来泰外籍旅客在办理登机手续时须出示医学健康证明及医疗保险，医学健康证明以英文或泰文填写，须在航班出发前72小时内开具，证明该旅客没有感染新冠病毒；医疗保险必须可在泰使用、保额为10万美元以上、覆盖新冠病毒治疗，如无法出示，航空公司须拒绝该旅客登机。上述规定同样适用于在泰各国际机场不入境中转的旅客。此外，旅客还须填写健康信息卡，抵泰后提交机场疾控官员，并遵守隔离、观察等防疫措施。根据普吉岛政府3月29日公告：自3月30日起，暂时关闭所有出入境通道（航空除外， 旅客必须严格遵守疫情防控相关措施），有效期至2020年4月30日，如有变化另行通知。根据泰国旅游局官方通告：禁止来自所有国家的客运航班入境，有效期延长至6月30日。
9,文莱,自3月24日起，全境所有陆路、海路及机场入境口岸对所有外国公民关闭（包括转机）。同日起停止签发包括落地签、访问签、学习签和家属签在内的所有签证审理工作，之前提交的申请不予签批。已获得旅游签、学习签或家属签但尚未入境的外国公民应推迟入境。对于食品、蔬菜、海鲜、医疗设备运输业等事关国家利益的相关人员入境申请将给予特殊考虑，请有关单位按照入境检验检疫和海关规定申报。自4月16日起，所有抵达文莱的外国人除须承担14天强制隔离所产生的费用外，还必须承担核酸检测费用每人1000文币。 
10,东帝汶,自3月28日0时至4月26日23点59分实行国家紧急状态，为期30天，具体措施如下：1.禁止外国公民入境。禁令不适用于在东出生或取得居留许可的外国公民、东籍未成年人的外籍监护人、帝汶海石油钻井平台上的工人；2.总理可批准为维护东国家利益或服务便利化的外国公民入境；3.执行货运或进口货物放行任务的外国公民须停留在港口、机场和陆地边界的“国际区域”；4.所有离境人士均须接受健康检测，特别是测量体温或其它形式诊断。如出现新冠肺炎症状，发烧超过38摄氏度、咳嗽或呼吸困难，将被禁止旅行，并接受新冠肺炎检测，除非是紧急医疗撤离；5.所有入境人士须接受隔离至少14天。如有新冠肺炎症状，须接受诊断检测，如确诊将接受隔离治疗；6.新冠病毒感染者须在医疗机构或居家强制隔离直至允许离开；7.国家紧急状态期间，证件、授权书、签证、居留许可及其他政府法令和文件如到期将继续有效。自4月4日起，东航空管理局暂停所有国际商业航班运营，帝力至新加坡、澳大利亚达尔文、印尼巴厘岛和古邦的所有商业航班将停运。执行紧急或必须任务的航班除外。同时，国家紧急状态期间，东国内航班运营也将受到限制。航班何时恢复正常将另行通知。
11,缅甸,自3月15日起，14天内前往过疫情高风险地区（如中国湖北，韩国大邱、庆尚北道）的所有外籍公民，将被禁止入境缅甸；14天内去过韩国但未去过其疫情高风险地区的旅客，入境缅甸后须居家隔离14天（上述旅客在搭乘飞机进入缅甸之前，须提交韩国卫生部门认证医疗机构开具的健康证书，证明旅客没有出现急性呼吸道疾病发烧、咳嗽或呼吸急促等症状）；来自意大利、伊朗、法国、西班牙和德国，或14天内去过这些国家的旅客，入境缅甸后须在指定地点隔离14天（上述旅客在搭乘飞机进入缅甸之前，须提交相关国家卫生部认证医疗机构开具的健康证书，证明旅客没有出现急性呼吸道疾病等症状）。自3月15日起，入境曼德勒的中国、韩国、意大利、伊朗、法国、西班牙、德国等7国公民须居家或在酒店隔离14天。个别省邦还可能有不同做法。暂停办理所有电子签证和落地签证。来自美国、瑞士、英国、荷兰、奥地利、比利时、挪威、瑞典和丹麦，或14天内去过这些国家的旅客，入境缅甸后须在指定地点隔离14天，且上述旅客在搭乘飞机进入缅甸之前，须提交相关国家认证医疗机构开具的健康证书，证明旅客没有出现发烧、咳嗽或呼吸急促等呼吸道疾病症状。禁止持护照和签证的外国公民从边境口岸入境，持边境通行证的边民则不受影响。自3月25日零时起，所有外国公民如入境缅甸，须在登机前出示实验室证明，表明当事人未感染新冠肺炎病毒。有关证明在登机前72小时内颁发方为有效，入境后还须在指定场所隔离14天。自3月29日至4月30日，暂停向所有外国公民发放入境签证（除驻缅外交官、驻缅联合国工作人员、船员机组人员外）。自4月13日起，缅孟两国边境口岸限制除货车司机外其他人员进出。
12,老挝,自3月18日起，暂时关闭全国所有地方口岸，加大国际口岸防控力度。暂停签发电子签证等任何形式的落地签，暂停签发旅游签。已办理老挝入境签证的人员，在入境时需向海关出示健康证明及近期旅居史等文件。暂停双边免签，有关国家公民须赴老挝使领馆申办签证。入境人员包括老挝公民须严格执行政府3月16日发布的《针对入境人员的防疫排查措施》。设立高风险区入境人员集中隔离点，包括泼水节期间回国的老挝留学生及劳务人员（针对劳务人员将另行出台细则）。 
13,印度尼西亚,自2月28日起，所有来访或返回印尼的外国籍人士如果在抵达印尼之前14天内有中国大陆旅行史，将暂时不适用印尼有关免签、落地签政策。在中国大陆的外国籍人士可以向印尼驻华使领馆申请访问签证或有限居留签证，但须附上中国有关卫生部门签发、证明当事人未感染新冠病毒的健康证明（英文版）；证明在无确诊病例的地区居留超过14天；声明在抵达印尼后自愿配合印尼政府接受隔离观察14天，或进入印尼前将在无确诊病例的第三国停留超过14天的书面材料。中国公民亦可以向印尼驻无疫情的第三国使领馆申请访问签证或有限居留签证，但须附上第三国有关卫生部门出具、证明当事人未感染新冠病毒的健康证明（英文版）；声明在抵达印尼后自愿配合印尼政府接受隔离观察14天，和进入印尼前已在无确诊病例的第三国停留超过14天的书面材料。外国籍人士进入印尼时将接受体温检测等入境检疫检查，一旦被发现有感染新冠病毒症状，将被拒绝入境。自3月8日起，禁止过去14天在伊朗、意大利、韩国三个国家部分地区逗留的移民或旅行者入境或过境印尼，来自这三个国家的移民或旅客须备各自国家的卫生当局签发的健康证明。请赴印度尼西亚人员关注3月6日印尼移民局就印尼司法部7号文件，针对中国、韩国、伊朗和意大利四国出台的签证受理和入境办法的补充实施细则。自3月20日起，对所有其他国家的外国公民全面暂停免签、落地签服务，以及暂时取消外交或公务护照免签待遇，为期1个月。所有计划访问印尼的外国公民应事先根据访问目的向印尼驻所在国使领馆提出签证申请，申请签证时，必须附有所在国家卫生机构颁发的健康证明。所有外国公民在入境印尼时，必须填写并向入境口岸办公室提交健康声明卡。印尼政府新增禁止在过去14天内到访过伊朗、意大利、梵蒂冈、西班牙、法国、德国、瑞士和英国的人士入境印尼或中转，到访过上述国家的印尼公民返回本国时，将由入境口岸办公室进行健康检查，如出现新冠肺炎症状将在政府设施接受14天隔离观察。如无相关症状，建议回国公民居家隔离14天。法律和人权部发布了禁止外国人入境和过境印度尼西亚的禁令，根据印尼2020年第11号人权条例（关于禁止临时外国人进入印度尼西亚共和国领土）规定，该禁令规定了外国人访问印尼和在印尼停留许可的限制，于4月2日00:00生效。例外情况：1.持有印尼暂时居留许可（KITAS）和永久居留许可（KITAP）的外国人；2.持有印尼外交签证和公务签证的外国人；3.持外交居留许可和公务居留许可的外国人；4.提供药物食品等人道主义紧急救助人员；5、航海、航空、陆路运输机组人员或司机；6、在印尼国家战略项目（如基础设施建设）有必要工作的外国人。上述外国人要求：1.提供当地健康部门的健康证明（英语）；2.在赴印尼前须在没有受疫情爆发感染地区停留14天，以出入境章和机票为准；3.入境印尼后在印尼政府提供地点强制隔离14天。对于在印尼外国人：1.持有短期停留签证（包括从B211-212签证、落地签证、免签），如超期并（或）不能延期，移民系统会免费自动转成紧急停留许可，无需赴移民局申请。2.持有短期停留许可或永久居留许可，如超期并（或）不能延期，移民系统会免费自动转成紧急停留许可，无需赴移民局申请(详情请咨询印尼官方机构)。自4月24日起至6月1日，暂停全国商业航班运输服务，适用于所有国内及国际定期航班服务和包机服务。
14,菲律宾,暂时禁止来自中国大陆及香港、澳门特别行政区的任何人入境，但菲公民和持有菲政府颁发的永久居留签证者除外，上述人员入境后需强制实行14天隔离。3月16日宣布进入国家灾难状态。菲律宾外交部的所有对外服务处暂停签证发放工作，此前签发的签证也将失效。自3月22日起，持有9A临时签证和旅游签证的外籍公民不得入境菲律宾，但外国政府和国际组织的工作人员持有的签证将继续有效，菲律宾籍公民的外籍配偶和子女所持有的签证也将继续有效；暂停所有的免签待遇，包括持有香港特别行政区护照、澳门特别行政区护照、澳门-葡萄牙护照及英国国民海外护照的人士在内，但不包括菲律宾籍公民的配偶和子女。
15,柬埔寨,自3月30日23时59分起：1.暂停所有外国人免签政策和签发旅游签证，电子签证和落地签，为期一个月。2.希望进入柬埔寨的外国人必须首先在本国申请签证，并在到柬旅行前提供其居住国卫生当局72小时内签发的健康证明，以确认是否携带冠状病毒。此外，外国公民在柬埔寨逗留期间必须持有5万美金以上保额且适用范围包含柬埔寨的医疗保险。3.对出示健康证书和健康保险金的要求不适用于持有外交签证（A型）或公务签证（B型）的外国公民。4.任何外国人获准进入柬埔寨前都将接受健康风险评估以及由有能力的医疗机构进行监控。并保证接受卫生部指定的任何预防和控制病毒的措施。5.以上所有旅行限制都是临时措施，柬埔寨政府将根据全球有关该病毒情况的发展定期审查这些限制。 自5月20日起，解除对意大利、法国、德国、伊朗、西班牙、美国等6国的旅游入境禁令，规定所有入境者需出具健康证明并进行集中隔离检测。
16,欧盟,根据欧盟成员国新冠肺炎疫情防控峰会决议：3月17日起，将对进入欧盟成员国的非必要旅行实施为期30天的临时限制。所有欧盟成员国（爱尔兰除外）和所有申根国家（冰岛、列支敦士登、挪威、瑞士）都使用此临时限制，该旅行禁令将影响所有非欧盟公民入境欧盟，欧盟长期居民、欧盟公民及外交官的家属、跨境和医护工作人员以及运送货物的人员除外。欧盟委员会4月8日建议欧盟成员国和所有申根国家将临时限制措施延长至6月15日。
17,俄罗斯,"自3月18日至5月1日，禁止所有外国公民和无国籍人士入境，但外交人员，航空公司、海运和内河航运工作人员及有俄罗斯长期居留证的人员除外。自3月27日起，俄各航空公司暂停运行所有国际航班，包括定期航班和包机，只执行俄罗斯从疫情严重国家撤侨的航班。自3月30日起,临时限制在汽车、铁路和其他口岸的过境，限制旅客通过陆路口岸、铁路口岸、步行口岸以及混合口岸出入境。俄罗斯和白俄罗斯边境的陆路口岸也在限制范围之内。自4月4日零时起，将暂停所有撤侨入境航班。4月29日消息，延长外国人入境限制措施，直到抗疫行动结束、境内疫情改善为止。"
18,意大利,欧盟成员国，欧洲理事会3月17日宣布：对欧盟以外人员前往欧盟国家的“非必要旅行”进行限制。宣布进入国家紧急状态，取消中意直飞航班。4月1日消息，将所有限制个人活动和旅行的措施延长至4月13日。 
19,英国,自6月1日起，北京、上海、广州、重庆签证中心恢复运营。自6月8日起，英国将对入境的公民和来访者实施新的入境规定：入境者需要提供旅行史和联系方式，入境之后的前14天内需要在所居住的地方进行自我隔离，除非常特殊的情况下，不得擅自离开隔离场所。
20,法国,欧盟成员国，欧洲理事会3月17日宣布：对欧盟以外人员前往欧盟国家的“非必要旅行”进行限制，为期30天。自3月17日起，关闭进入欧盟和申根区的边境30天，来自欧盟以外的人和非欧盟公民不得入境。4月13日消息，法国全境执行的限制措施延长至5月11日，与非欧盟国家的边境仍将持续关闭，直至新的决定出台。 
21,德国,欧盟成员国，欧盟委员会建议将入境申根区有关国家的限制再次延长至6月15日。 自3月17日起，执行欧盟关于禁止非欧盟国家公民入境的限令，该限令适用于所有自欧盟以外地区出发的飞机和船舶：1.即日起，非欧盟国家公民禁止入境德国，如有奔丧或应诉等特殊事由，入境时需携带相关证明。2.外交官、受欧盟国家邀请参与抗击疫情的医生、护士等专业人员不受此限制。3.欧盟成员国公民及其家庭团聚亲属，英国、冰岛、列支敦士登、挪威、瑞士公民及其家庭团聚亲属和持有欧盟国家较长期居留许可的第三国公民不受此限制。持德国居留许可（Aufenthaltstitel）的中国公民、持停留期超过90天的学习类等签证的中国留学生、语言生等入境不受上述限制。 无论采用何种交通工具，获准从境外入境德国的人员都必须直接回到住所接受14天的强制居家隔离。 4月29日消息，德国将把现有的针对境外旅行的警告延长至6月14日。
22,芬兰,欧盟成员国，欧洲理事会3月17日宣布：对欧盟以外人员前往欧盟国家的“非必要旅行”进行限制。自3月19日起，关闭边境，公众不能出国旅行，这适用于公路、海运和空运，从国外返回芬兰的人隔离14天。除赫尔辛基万塔机场、玛丽港机场和图尔库机场外，所有机场将被关闭，这三个机场只对货运和回程飞机开放，货运运输正常。
23,捷克,欧盟成员国，欧洲理事会3月17日宣布：对欧盟以外人员前往欧盟国家的“非必要旅行”进行限制。自2月9日起，取消往返中捷两国的所有国际直飞客运航班。自3月16日起，禁止所有外国公民入境捷克，此禁令不适用于拥有永久居留许可或超过90天的临时居留许可的外国公民，以及其他几种特殊情形。自4月24日起，不再禁止民众出国旅行。
24,奥地利,欧盟成员国，欧盟委员会建议将入境申根区有关国家的限制再次延长至6月15日。 自3月10日起，限制自意大利入境。暂停奥意之间的铁路和航空交通。仅允许持有医疗健康证明者或过境奥地利且不经停者自意大利入境。自3月16日起，在奥地利与瑞士边境采取管控措施。暂停奥地利与西班牙、法国、瑞士之间的航班。暂停与英国、荷兰、俄罗斯和乌克兰四国的航班。 
25,希腊,欧盟成员国，欧洲理事会3月17日宣布：对欧盟以外人员前往欧盟国家的“非必要旅行”进行限制。 3月13日以来，希腊政府进一步升级防控措施，暂停所有往返意大利的航班以及客船服务；暂停所有往返西班牙的航班；关闭与阿尔巴尼亚和北马其顿的边境，希腊公民以及有希腊永久居留权的公民仍可过境；禁止游轮停靠希腊港口。 自3月23日6点起至4月15日15点，中断与英国的航空联系以及与土耳其的海陆空联系，禁止从土耳其入境希腊，希腊公民、希腊永久居留持有者以及陆海货运除外。 根据希腊当地旅游局公开信息显示，预计6月15日起，自具有良好流行病学特征的国家飞往雅典国际机场的航班将开放。预计7月1日起，除出现负流行病学特征的国家外，所有希腊机场和所有国家的航班都将开放。对于进入希腊的游客，将不再进行检测或隔离，只进行流行病学监测的抽样检测。
26,保加利亚,欧盟成员国，欧盟委员会建议将入境申根区有关国家的限制再次延长至6月15日。自3月18日起，暂时禁止中国、伊朗、孟加拉国、印度、马尔代夫、尼泊尔、斯里兰卡、韩国、西班牙、意大利、法国、德国、荷兰、瑞士、英国等国家的公民入境保加利亚（拥有保加利亚短期、长期和永久居留权的人员及其家属除外）。
27,葡萄牙,自5月14日起，延长有关关闭葡萄牙与西班牙陆地边境口岸的各项管控措施。 自5月18日起，此前航班管控措施继续延长至6月15日0时。除欧盟国家、申根区非欧盟国家（列支敦士登、挪威、冰岛和瑞士）、其他葡语国家（巴西仅保留往返圣保罗和里约热内卢航班）和葡侨民数量较大国家（英国、美国、委内瑞拉、加拿大和南非）外，葡暂停许可所有国际航班入出境。
28,匈牙利,欧盟成员国，欧洲理事会3月17日宣布：对欧盟以外人员前往欧盟国家的“非必要旅行”进行限制。3月11日，匈牙利政府宣布国家进入紧急状态。自3月12日起，由中国、意大利、伊朗、韩国前来匈牙利的外国人员，无论是否持有匈有效签证或居留卡，一律不得入境。在其他国家的中国公民，不得来匈旅游；如持有匈居留卡，可以入境，但入境时需出示经匈牙利驻当地外交领事机构认证的健康证明。3月28日消息，禁止所有民用航空、铁路或公共大巴进入匈牙利，以及禁止非匈牙利公民进入匈牙利。禁止学生进入大学。此外，任何进入匈牙利的匈牙利公民都需要进行身体检查。该法令允许为跨匈牙利进入邻国的外国人开放人道主义走廊，并为国际货运中的驾驶人提供津贴。
29,波兰,欧盟成员国，欧盟委员会建议将入境申根区有关国家的限制再次延长至6月15日。自3月15日起，禁止外国人入境波兰，货物跨境运输不受禁止外国人入境措施的影响。
30,冰岛,3月11日消息，要求自疫情高风险国家返冰人员隔离2周。
31,北马其顿,当地时间3月14日，北马其顿政府发布消息，将禁止来自中国、美国、意大利、德国、法国、伊朗、韩国、西班牙等高危地区的旅客入境。该入境限制措施至3月24日前有效。届时，政府将根据疫情决定是否延长上述入境限制措施有效期。
32,黑山,6月1日消息，允许包括中国在内的部分国家（每十万人口感染人数小于25）旅客入境并免除集中或居家隔离，入境者需同时满足以下要求：系该国公民或系持该国长期居留卡的外国人；系从该国出发直接赴黑。如上述国家外旅客、或拟从上述国家外赴黑的旅客，必须持有黑山短期或长期居留卡，且入黑后应根据黑方安排集中或居家隔离14天。暂停一切国际民用航班、国际铁路客运。 
33,摩尔多瓦,自5月15日起，解除国家紧急状态，进入为期45天的国家公共卫生紧急状态。6月30日前，将继续暂停所有商业航班及国际客运往来，禁止外国人入境（持长期居留证件者及外交人员除外），入境人员严格执行14天隔离制度。
34,乌克兰,自3月16日起关闭边境，禁止外国人入境，但外交官、国际组织代表以及持有永久和临时居留证的外国人不受此限制。自3月17日起，乌克兰将停止国际常规客运，政策为期2周。自4月7日0时起，乌克兰边境将只保留19个检查站。 
35,波黑,宣布进入紧急状态。暂时禁止来自中国湖北省、韩国、日本、意大利、伊朗、法国、罗马尼亚、德国、奥地利、西班牙、瑞士和比利时的外国公民入境。同时，所有入境波黑的外国公民都必须居家隔离14天。
36,塞尔维亚,3月15日晚，塞尔维亚总统宣布塞全国进入紧急状态，即刻生效。15日晚开始关闭边境。除塞本国公民、外交官和有塞居留的外国公民外，一律不准入境。边境由军人协助开展卫生和边防检查。对允许的入境人员返塞后必须居家隔离14天，来自疫情严重地区的必须居家隔离28天。警务部门将负责监督所有居家隔离的执行状况（包括居家隔离的确诊病例、医嘱隔离及返塞人员）。如违反有关规定，可能面临3年以内有期徒刑。自3月19日起，暂时禁止国际客运航班抵达或离开塞尔维亚各机场，不包括以下用途航班：1.邮政和货物运输；2.搜救；3.人道主义；4.紧急医疗救援；5.已在塞注册的飞机技术经停和定位；6.紧急迫降；7.官方专机及特殊航班。
37,立陶宛,欧盟成员国，欧洲理事会3月17日宣布：对欧盟以外人员前往欧盟国家的“非必要旅行”进行限制。自3月16日至3月30日实行边境管控。期间，无立陶宛工作许可和居留许可的外国公民禁止入境。
38,比利时,欧盟成员国，欧盟委员会建议将入境申根区有关国家的限制再次延长至6月15日。自3月17日起，非申根区居民和无比利时长期居留许可人员不能入境。自3月18日12时起，比利时全国范围内将实施“封城”，结束时间暂定。 
39,荷兰,欧盟成员国，欧盟建议将对欧盟以外人员前往欧盟国家的“非必要旅行”限制延至6月15日。4月9日消息，荷方决定现行针对中国、韩国、伊朗等国的客运航班入境限制将从荷当地时间4月10日18时起不再延长。最迟自4月17日18时起，所有来自疫情高风险地区的旅客登机前需填报健康声明，并强烈建议旅客抵荷后居家隔离14天。
40,白俄罗斯,卫生防疫部门将与机场边防、海关等部门加强监控，通过技术手段和当面问询等方式检测发热人员，如入境人员出现疫情症状，将即采取隔离措施。对最近14天内到访过疫情风险地区的入境人员进行必要的医学检测。乘飞机、火车、汽车从疫情风险地区返回人员需在入境处填写《入境信息表》，相关信息将用于对入境人员进行医学观察或采取其他必要措施。
41,阿尔巴尼亚,自3月15日起，实行全境封锁，关闭阿尔巴尼亚与黑山、科索沃、北马其顿和希腊的边境，边境仅对货物运输开放。3月18日消息，关闭阿同希腊、黑山、北马其顿、科索沃地区的陆路边境，禁止所有公民自上述地区入境，出境公民需提前联系当地警察局取得许可，且只能乘坐私人交通工具出境；暂停阿同意大利、希腊、英国的往来客运航班、轮渡。
42,克罗地亚,欧盟成员国，欧洲理事会3月17日宣布：对欧盟以外人员前往欧盟国家的“非必要旅行”进行限制。在各入境口岸加强对入境人员的医疗检查和询问，包括对过去14天内曾到访中国大陆的旅客进行体温测量、填报健康状况申报表等，如发现发烧、呼吸困难等疑似症状者，将在接受专业检查后决定是否采取隔离措施。过去14天内曾到访中国大陆、韩国，以及上周曾到访意大利伦巴第、威尼托地区且2月23日后入境克罗地亚的人员，居家隔离14天并每日向所在辖区流行病学家报告健康状况。
43,罗马尼亚,欧盟成员国，欧洲理事会3月17日宣布：对欧盟以外人员前往欧盟国家的“非必要旅行”进行限制。自3月22日22时起，禁止外国公民和无国籍人士入境罗（部分特例除外），违反隔离规定人员须承担违法或刑事责任等。
44,斯洛伐克,欧盟成员国，欧洲理事会3月17日宣布：对欧盟以外人员前往欧盟国家的“非必要旅行”进行限制。日前，斯洛伐克政府宣布斯驻华使馆和驻上海总领馆暂停受理包括通过签证中心提交的中国公民赴斯洛伐克及其他申根国家签证申请，紧急人道事由和外交、公务等重要活动例外。重新对外开放签证业务时间有待通知。3月12日进入国家紧急状态，自3月13日起，任何外国公民不得进入斯洛伐克，在与波兰接壤的边境口岸，只有波兰公民才能进入斯洛伐克。将关闭所有国际机场。
45,马耳他,欧盟成员国，欧洲理事会3月17日宣布：对欧盟以外人员前往欧盟国家的“非必要旅行”进行限制。暂停与意大利、法国、德国、西班牙、瑞士之间的往返航班和与意大利之间的轮渡，但货运不受限制。自3月13日13点起，从其他任何国家和地区入境马耳他的人必须在住地强制隔离14天。在2月27日后去过意大利、中国（包括香港）、新加坡、日本、伊朗、韩国后入境马耳他的任何人将被要求在住地强制隔离14天。在3月11日后去过西班牙、德国、法国、瑞士后入境马耳他的任何人必须在住地强制隔离14天。与符合上述情况的人共同居住的人必须在住地强制隔离14天。 
46,爱沙尼亚,欧盟成员国，欧盟委员会建议将入境申根区有关国家的限制再次延长至6月15日。 自3月17日起，暂时限制跨越申根区内部和外部边界，并重新实施边境控制，只有爱沙尼亚公民和持有爱沙尼亚居留许可证或有居留权的人，其中包括所谓的灰色护照持有者，才能进入爱沙尼亚。家庭成员居住在爱沙尼亚的外国公民也可以进入爱沙尼亚，包括食品和医疗用品运输在内的国际货物以及提供重要服务的人员都可以进入该国。健康的外国人可以过境爱沙尼亚。在边境管制处将检查旅行证件和医疗状况。所有入境人员需进行两周隔离，出境没有限制。 3月20日消息，取消风险国家名单；在边境不再需要每一个到达爱沙尼亚的人都填写健康调查表，但赋予警察权利要求某个人填写健康声明，比如此人有症状时；进入爱沙尼亚的人需隔离两周的豁免规定，经警方特别许可，可豁免上述规定的对象包括政府官员，如首相、执政官及政府官员，只要没有出现任何症状；恢复在爱沙尼亚-拉脱维亚边界的工人流动，边界附近的其他城市可通过两国姊妹城市瓦尔加-瓦尔卡进行工作通行，为边境居民提供了前往拉脱维亚工作并返回爱沙尼亚的可能性。 
47,拉脱维亚 ,欧盟成员国，欧洲理事会3月17日宣布：对欧盟以外人员前往欧盟国家的“非必要旅行”进行限制。自3月17日零时起，暂停所有国际航空、铁路、海运和长途公共汽车客运（国家级公务航班和军事运输除外），货运可正常运营，拉公民仍可乘私家车在欧盟境内旅行。允许拉公民及持拉长期居留证的外国公民返拉，允许外国公民通过机场、港口、陆路口岸边检站离境。拉驻外使领馆暂停向外国公民颁发签证。
48,西班牙,欧盟成员国，欧洲理事会3月17日宣布：对欧盟以外人员前往欧盟国家的“非必要旅行”进行限制。3月16日，西班牙开始进入警戒状态，为期15天。自当地时间3月17日0时起，陆地边境将只允许拥有西班牙国籍和本国长期居留者入境。
49,丹麦,欧盟成员国，欧盟委员会建议将入境申根区有关国家的限制再次延长至6月15日。自3月13日起，临时关闭边境，拒绝除本国公民、有居留权和“其他被认可目的”外国公民以外的各类人员入境。
50,卢森堡,欧盟成员国，欧洲理事会3月17日宣布：对欧盟以外人员前往欧盟国家的“非必要旅行”进行限制。自3月17日起，进入为期3个月的紧急状态。 
51,瑞士,自3月13日起，实行瑞意边境入境人员检测及入境控制基础上，在瑞德、瑞法及瑞奥边境实行同样措施。瑞士公民、持有瑞士合法居留许可和跨境工作许可证件人员可入境瑞士，货物运输及人员中转可以过境瑞士。瑞方将关闭一些小的边境站。3月16日17时，瑞士进入“紧急状态”。
52,斯洛文尼亚,欧盟成员国，欧洲理事会3月17日宣布：对欧盟以外人员前往欧盟国家的“非必要旅行”进行限制。
53,瑞典,欧盟成员国，欧洲理事会3月17日宣布：对欧盟以外人员前往欧盟国家的“非必要旅行”进行限制。自3月19日起，瑞典将临时关闭边境30天，瑞典公民和有居留权的人在此期间可以通过边境回到瑞典，同时货运渠道也保持畅通。
54,爱尔兰,欧盟成员国，欧盟委员会建议将入境申根区有关国家的限制再次延长至6月15日。所有入境者（无论是外国还是本国公民）入境爱尔兰后自主隔离14天。
55,美国,美国宣布公共卫生紧急状，自美东时间2月2日下午5时开始：1.过去14天内曾到访中国的外国人（美国公民和永久居民的直系亲属除外）将被暂时禁止入境；2.对过去14天去过湖北省的返美美国公民实行最长14天的强制隔离；3.对过去14天去过中国大陆其它地区的返美美国公民在指定口岸实行严格检查并要求在家实行有监控的自我隔离14天；4.来自中国的航班将只能在美国的纽约、洛杉矶、旧金山、西雅图、亚特兰大和檀香山七个机场入境，以便对旅客进行甄别。美国疾病控制和预防中心（CDC）目前要求，有特定国家或地区（目前包括中国、伊朗、韩国、欧洲申根国家、英国和爱尔兰）旅行历史记录的来美旅客，入美后在家或酒店及其他临时住所自我隔离14天，远离社交活动并密切关注身体健康。自3月20日起，暂停在世界各地使领馆的所有常规签证服务。自3月21日起，关闭美墨边境，美墨之间的贸易和商业往来仍将保持，相关的基本工人往来继续，但旅游目的的其他游客将无法跨境。同时关闭美国和加拿大边境，暂停两国之间的“非必要人员流动”。自5月26日23时59分起，暂停接受14天内到过巴西的外国旅客入境，不适用于美国公民、永久居民及其直系亲属。自6月1日起，暂停中国部分非移民学生和研究人员入境。
56,加拿大,禁止所有除加拿大公民和永久居民之外的人入境，但是美国公民、外交人员、航空公司空乘人员除外。授权航空公司禁止出现新冠病毒感染症状的加拿大人登机回国。国际航班的入境口岸限制为4个，即多伦多皮尔逊机场、蒙特利尔特鲁多机场、温哥华国际机场、卡尔加里国际机场。近日，加拿大政府更新了限制人员入境的措施，以下四类人员可以入境：1.季节性农业工人，渔业海鲜业工人，护理人员，以及所有其他的临时海外工人；2.3月18日之前就已经持有加拿大学习许可（study permit）或者加拿大留学签证申请已经批准的申请人；3.在3月16日之前已经获得移民批准但是还未来得及登陆加拿大的移民申请人；4.加拿大公民和永久居民的直系亲属。直系亲属包括：配偶，同居伴侣，受抚养子女，以及受抚养子女的子女。
57,墨西哥,加强对北部边境口岸及墨西哥城、蒙特雷、坎昆和瓜达拉哈拉等地国际机场来自中国等亚洲国家航班乘客的监控，重点检查有发烧、呼吸困难等疑似新型冠状病毒肺炎症状人员。
58,巴哈马,自1月30日起，禁止在入境日期前20天内到过中国的非巴哈马居民入境；对于从中国返回巴哈马的巴居民，可以入境，但必须隔离观察14天。自3月19日起，禁止20天内去过英国、爱尔兰和欧洲（指欧洲其他地区）的非本国居民入境。
59,格林纳达,自2月2日起，对过去14天访问中国的外国游客禁止入境。 
60,特立尼达和多巴哥,自3月23日零时起关闭边境，禁止一切国际航班入境，此措施适用于特多公民及非特多公民。运输食品和药物的船只不受影响。自3月30日零时起至4月15日，全境停止一切非必要活动，人员外出仅限必要活动，且须携带有效身份证件并尽可能缩短外出时间，企业员工等外出履行公务应持企业出具的信函及工作证明。 
61,安提瓜和巴布达,自1月31日起，暂时限制来自中国的人员入境。自4月2日起，实施为期7天的“封城”措施（Lockdown），期间禁止所有非必要外出。
62,苏里南,过去14天内到过疫情发生地区的旅客（包括居民和非居民），如有症状将被隔离14天；如无症状须自行隔离。所有入境旅客须接受体温检测。如果发现疑似患者，将进行全面检查。自3月14日0时起，关闭空域，禁止旅客进入苏里南，暂行30天。
63,萨尔瓦多,自3月11日起，在萨全境实行隔离措施。该行政令有效期为21天。期间，外国人禁止入境，萨公民、在萨有长期居留权的外国公民、外国驻萨外交官入境后需进行医学隔离30天。 
64,牙买加,自4月4日起，将继续禁止一切海空客运入境14天至4月18日。届时，将对该防控新冠肺炎措施进行评估。
65,洪都拉斯,自2月8日起，14日内到过亚洲、北美等发生新冠肺炎国家人员抵洪后需接受为期14天的隔离。 根据洪都拉斯总统府官网消息，自3月15日起，将关闭海陆空边境7天。如有必要，将延长这一措施。
66,委内瑞拉,4月21日消息，将“社会隔离”措施延长30天，并针对新增聚集性病例等问题在拉腊州和新埃斯帕尔塔州的部分地区实施宵禁。 
67,巴西,自3月23日起30日内，禁止中国、欧盟国家、冰岛、挪威、瑞士、英国、澳大利亚、日本、马来西亚、韩国等国公民乘飞机入境巴西。有关入境限制不适用于以下情况：1.巴西公民；2.此前获得巴西居留许可的外国公民；3.供职国际组织的外国专业人员；4.巴西政府认可的外国工作人员；5.因与巴西公民家庭团聚入境的外国公民；6.出于公共利益由巴西政府特别授权入境的外国人；7.持有国家移民登记卡（Registro Migratório Nacional，俗称“红卡”）的外国公民；8.从事货物运输人员。违反有关措施者将承担民事、行政或刑事责任，可被即刻遣返或驱逐，或被取消避难请求。3月19日，巴西政府宣布15日内关闭与邻国阿根廷、玻利维亚、哥伦比亚、圭亚那、法属圭亚那、巴拉圭、秘鲁和苏里南的陆路边境（巴西公民可正常入境）。此前，巴西已对委内瑞拉采取类似措施。
68,智利,自3月18日起临时关闭智利边境，除智利公民和已取得智永久居留资格外国人（以下称“永久居留外国人”）以外，其他外籍人员将不予入境或过境（智外交部领事司告，出境不受限制）。从高风险国家归来的智公民和永久居留外国人须向海关申报个人情况并居家隔离14天。
69,巴巴多斯 ,在各主要国际机场进行旅客体温检测。
70,多米尼加,自2月6日起，从中国登机且目的地是多米尼加的所有旅客（无论国籍），仅能从位于多首都圣多明各的美洲国际机场和位于东部旅游城市蓬塔卡纳的国际机场入境。游轮公司必须向多卫生部报备过去14天内到过中国的旅客信息。移民边检部门必须询问所有入境旅客过去30天所到访的国家，如确认该旅客过去14天内曾到访过中国，相关口岸防疫点将启动健康检查程序。自3月14日起，所有邮轮禁止停靠多港口和海岸。自3月16日上午6时起一个月内，暂停多与欧洲、中国、韩国、伊朗之间的往来航班。通过其它航线抵多，但两周内到过上述国家的外国旅客入境将被强制隔离。自3月19日起，多米尼加关闭海陆空边界15天，仅限外国公民离开本国，以及承载货物的飞机和轮船进入该国。
71,厄瓜多尔,自3月15日23:59起禁止无厄居留的外国公民入境。自3月16日23:59起，禁止所有人(包括旅居海外的本国公民)经航空、陆路和海路入境，该禁令为期21天。
72,哥伦比亚,即日起至5月30日，禁止所有非哥公民及常住居民（常住居民仅指持哥居民身份证，或M类、R类、礼遇签证人员）的外籍旅客入境。哥籍公民及常住居民入境时必须提交健康声明，入境后接受14天强制隔离。关闭与委内瑞拉、厄瓜多尔、巴西、秘鲁边境口岸，限制人员往来，货物往来在履行严格检疫手续后可通行。禁止邮轮停靠哥港口。5月20日消息，国际航班停运与全国卫生紧急状态同步延长至8月31日。
73,乌拉圭,自3月25日起，只允许本国公民和享有乌拉圭居留权的人员入境，并允许南方共同市场组织成员国的公民在乌拉圭经停转机前往原籍国。除此之外，其他国家人员禁止入境。同时，至4月13日前，禁止乌拉圭公民和常驻乌拉圭的外国人以旅游目的出境旅游。
74,巴拿马,自3月15日起，暂停所有往来欧洲和亚洲国家航班，为期30天。自3月17日起，禁止非本国公民或非常住居民的外国公民入境，本国公民和常住居民入境后必须强制居家隔离14天。
75,古巴,自3月24日起30天，除了正在海外的古巴公民以及因工作原因在古居住的外国人可以返回古巴以外，禁止所有其他游客入境古巴，返回古巴的人员需进行14天隔离；允许外国游客离开古巴；允许运载货物的飞机和轮船入境古巴，其机组人员和船员需接受医疗监控。 
76,尼加拉瓜,加强包括首都马那瓜（Managua）国际机场，以及Madriz、Nueva Segovia、Rivas、Chinandega及Río San Juan各省口岸检疫机制。
77,阿根廷,3月12日宣布进入为期一年的卫生紧急状态，同时将暂停接收来自包括中国、韩国、日本、伊朗、美国以及欧洲全境的国际航班，为期30天。法令要求所有从上述国家和地区回到阿根廷的公民采取14天的自我隔离。 自3月14日起30天，入境前14天曾到过疫区的非常住外国人禁止入境，包括美国、欧盟及申根国家、英国、韩国、日本、中国、伊朗。 3月20日，宣布强制居家隔离命令，时间为3月20日起至3月31日。 3月27日，宣布延长居家隔离命令至4月13日。
78,玻利维亚,自3月20日零时起关闭边境，玻公民、永居公民、外交人员及国际货运司机可入境，但须接受卫生检疫；3月21日零时起暂停所有国际商业航班及国际、省际、市际陆路、水路交通。以上措施实行至3月31日。 自3月22日零时起至4月4日，实行为期14天的“全面隔离”措施。 自3月26日起至4月15日，在3月21日4199号最高法令基础上升级“全面隔离”措施，全面封锁边境，除紧急就医外，不允许任何人出入境。
79,圣文森特和格林纳丁斯,自2月21日起，禁止过去14天有中国大陆、中国香港、中国澳门以及新加坡、日本、韩国旅行史的人员入境。
80,秘鲁,自3月16日0时起，秘进入为期15个自然日的全国紧急状态，自3月16日23：59起，全面关闭秘海、陆、空、河客运边境。货运保持正常，不受影响。
81,圭亚那,自4月3日起实施为期1个月的全国宵禁措施，圭国际机场暂停所有国际航班，出境、货运、医疗等特殊航班除外。
82,哥斯达黎加,自3月18日起，关闭边境，只允许哥斯达黎加公民入境。
83,多米尼克 ,从中国返多人员入境后需自行居家隔离14天。
84,伯利兹,自3月21日起，关闭与墨西哥之间的陆路边境口岸，目前暂定关闭时间为30天，主要针对人员跨境流动，不包括货运车辆。自3月23日起，伯利兹的主要航空港停止运营。
85,库拉索,3月16日消息，禁止非当地居民通过民航入境；当地居民返回后须在家隔离14天，且禁止离境。禁止所有海运客运。货运不受限制。自3月30日起，实施24小时强制居家隔离。3月30日消息，禁止所有旅客（含本地居民）入境。
86,阿鲁巴,自3月29日起，实施24小时强制居家隔离。3月30日消息，禁止所有旅客（含本地居民）入境。
87,圣马丁岛（荷属）,自3月30日起，实行宵禁（晚8点至清晨6点），限制人员活动。3月30日消息，禁止所有旅客（含本地居民）入境。
88,毛里求斯,自3月19日起，暂不允许外国公民在毛入境或转机，为期14天。自3月22日起，暂不允许包括毛里求斯公民和居民在内的所有旅客在毛入境或转机，为期14天。自当地时间3月19日10时起，毛机场入境旅客通道暂时关闭。 
89,塞舌尔,自3月23日起30天内，禁止所有公民出国旅行，停止颁发就业许可证；禁止任何游轮、游艇进入塞水域。 自3月25日起，禁止所有非塞公民入境，若因特殊情况来塞须提前获得公共卫生局长的书面许可；所有塞公民入境后须接受最少14天的强制隔离。
90,加蓬,自2月7日起，暂时中止来自中国的旅客入境。
91,乍得,恩贾梅纳国际机场对所有抵乍旅客进行体温检查和双手消毒，对所有来自武汉的旅客进行14天医学观察。 
92,刚果（布）,自3月21日24时起，暂时关闭境内所有陆地、河港、海港、机场的客运入境口岸，仅货运班轮和飞机允许入境。 
93,安哥拉,自3月3日起，禁止来自中国、韩国、伊朗、意大利等出现本土病例国家以及尼日利亚、埃及、阿尔及利亚等发现确诊病例非洲国家的外籍旅客入境安哥拉。 自3月20日0时起15天内，停飞所有往返安哥拉的国际商业和私人航班，可视世界范围内新冠肺炎疫情发展情况再延长15天管制期限，不适用于执行货运、人道主义任务或安哥拉外交任务的航班；禁止陆路边境人员流通，可视世界范围内新冠肺炎疫情发展情况再延长15天管制期限；禁止任何从国外出发客船在国内港口停靠，禁止包括船员在内的船上人员登陆，可视世界范围内新冠肺炎疫情发展情况再延长15天管制期限，不适用于货船停靠及船上货物卸载，仅在需要医疗和人道主义援助的情况下，才允许前款所述货船船员下船，登陆后应切实履行防疫措施。 自3月27日0时起至4月11日23时59分进入国家紧急状态，政府有权根据相关地区和国际协定采取特定的边境管控措施，在重要地点限制人员和商品流动，以确保法令行之有效，如在机场和港口进行健康检查，禁止或视情限制有关人员入境。
94,毛里塔尼亚,对所有入境人员强制集中隔离14天。关闭与邻国间进出口岸，仅保留罗索、博盖、努瓦迪布55公里处等6个边境通道，在机场等入境口岸对所有入境人员检测体温。暂停毛塔北部城市阿塔尔与法国间的旅游包机直航。自3月17日8时起，停飞所有来毛航班。
95,马达加斯加,自3月14日起，各国游轮亦禁止停靠马达加斯加各港口。自3月20日起30天内，暂停所有赴马的国际航班，马政府将根据新冠肺炎疫情形势变化适时调整。
96,南非,自3月15日起，暂停向中国、意大利、伊朗、韩国、西班牙、德国、美国和英国等高危国家访客颁发签证，且宣布此前颁发的签证作废。凡过去20天到访过上述高危国家的外国人，将不能获发南非签证。自3月16日起，关闭35个陆路口岸和2个水路口岸。约堡奥坦博国际机场、开普敦国际机场和德班沙卡国王国际机场将加强监测措施。自3月18日起，对来自上述疫情高危国家旅客采取入境限制措施，从上述高危国家返回的南非公民，应接受新冠病毒检测，并自我隔离。自3月27日凌晨起实施全国“封禁”，持续至4月16日午夜，在3月15日起执行的入境限制措施基础上，自高风险国家返回的南非公民或居民，一律隔离14天；自高风险国家来南的外国人，一律原机返回，不准入境；3月9日之后自高风险国家入境的外国人，一律转至指定酒店进行14天隔离观察。
97,利比里亚,自3月16日起，升级疫情防控措施，禁止从确诊病例超过200以上的国家的旅行者入境及前往上述国家，禁止利官员不必要的国际旅行。自3月23日23点59分起，除货运航班、包机和特殊航班，所有商业航班暂停。
98,塞拉利昂,所有入境人员均须接受体温检测和新型冠状病毒筛查，如过去14天内有中国旅行史（无论其是否有疑似症状）还需接受14天集中隔离。自3月27日起，关闭塞同几内亚、利比里亚的陆地边境，持续30天，视情决定是否延长关闭时间。经由陆路运输的必要物资将在严格监管下通过边境。自3月31日起，对塞专属经济区内的渔船和客船执行以下规定：1.禁止渔船和客船在晚上7点后靠岸停泊；2.禁止渔船载客；3.渔船和客船所有人员须先通过检测方可靠岸停泊；4.凡曾在邻国进入船坞、从事捕鱼或其他相关作业的渔船和货船，其人员须经过严格健康检查、符合移民等部门规定方可停靠；5.外国渔船、商船抵塞后须停靠伊丽莎白二世港码头，船上人员均须接受健康检查和移民局检查。自4月5日晨6：00至4月7日晚11：59实行封城，要求民众居家，禁止上街，只有医院、军队、警察、记者车辆等执行必要任务及其他少量指定车辆可凭通行证上路。
99,厄立特里亚,自1月30日起，在首都阿斯马拉国际机场对所有旅客采取红外线体温检测等检查措施，对自中国来厄人员除体温检测外，要求须报告旅行经历，并安排送往指定医院进行为期不定的隔离观察。
100,莱索托,自3月29日凌晨起，实施全国“封禁”，持续至4月22日午夜。除运送医疗、食品和生活用品人员外，所有人员不准进入莱索托。4月21日宣布，全国封禁措施延长至5月5日。5月5日宣布，全国封禁措施延长至5月19日，边境维持关闭。 
101,赤道几内亚,自3月15日起，暂停往来赤几的全部国际客运航班。限制其他国家或国际组织代表团访问赤几。关闭赤几全部海陆空边境，但向赤几运输商品、工作物资和设备的轮船、货运航班等不受限制。来自已出现疫情国家及抵赤几时表现相关症状的本国和外国公民须接受14天隔离观察，无症状者亦须接受14天隔离观察。上述措施将执行至世界卫生组织宣布新冠病毒感染和传播威胁解除为止。本规定有效期30天，实施期限可根据疫情发展而延长。
102,南苏丹,自3月23日午夜起，暂停朱巴国际机场及其他机场国际航班进出港，所有货运、人道主义、医疗和紧急航班可正常进出港，恢复时间另行通知；临时关闭南苏丹全境陆路边境口岸，载客车辆禁止通行，货物运输车辆可正常通行，开放时间另行通知。 
103,尼日利亚,自3月20日起，对来自中国、意大利、伊朗、韩国、西班牙、日本、法国、德国、美国、挪威、英国、荷兰、瑞士等13国的公民实施为期4周的入境禁令，并暂停为来自上述国家的公民办理签证。自3月23日起，暂停除紧急和必要航班外的所有国际航班入境，为期一个月。
104,加纳,3月15日，加纳政府发布限制入境举措，主要内容如下：1.强烈建议近期不要来加纳旅行。2.非加纳公民或没有加纳居留签证的旅客，如过去14天内去过确诊病例超过200例的国家，将不许入境。航空公司将不允许此类旅客登机。边境检查站将不允许此类旅客入境。3.加纳公民、持居留签证的外国公民和过去14天内未去过确诊病例超过200例国家的旅客仍可入境，但须自我隔离14天。各入境口岸将提供自我隔离指南。国家安全部门和卫生部门将联合采取行动，对未能自我隔离的人员进行强制隔离。4.任何显示新冠肺炎症状的旅客一旦入境加纳，将被隔离并接受病毒检测。以上自第一条即刻生效，第2、3、4条自3月17日13时起生效。自3月22日24时起，关闭一切海、陆、空边境，禁止人员往来，为期2周；物流运输不受关闭边境影响。
105,津巴布韦,当地时间3月17日，津巴布韦总统宣布新冠肺炎疫情为津“国家灾害”，建议疫情高风险国家和地区的人员推迟赴津，来自这些地区的人员入境后须自行隔离14天。津巴布韦的大多数口岸将保持开放，但将加强对入境人员的检测。
106,马拉维,3月20日，马拉维总统穆塔里卡宣布马进入国家灾难状态。马政府将采取以下措施：1.在边境口岸加强部署，对所有入境人员进行监测；2.暂停在马主办国际会议，并禁止马公务人员前往受疫情影响国家参加各类会议、体育赛事等；3.除确有必要，建议公众避免前往受疫情影响的国家；4.禁止疫情高风险国家的公民入境；5.暂停向疫情高风险国家的公民颁发签证；6.今后视形势发展决定是否取消或出台新的疫情防控措施。
107,坦桑尼亚,自5月20日起，全面取消国际客运航班进出境限制措施，取消入境人员14天强制隔离政策，入境人员须在抵达口岸是提交健康申报表，接受健康检测并在坦境内执行戴口罩、保持社交距离等措施。
108,喀麦隆,自3月18日至新命令颁布前，关闭喀陆海空边境，暂停所有国际客运航班，运输日常消费品的货运航班和船只除外，但停靠时间将受到限制，所有机场暂停发放喀入境签证。
109,科摩罗,"自3月16日起,所有从疫区国家前往科摩罗的旅客，均需隔离，但不会关闭国境。"
110,阿尔及利亚,自3月17日起，暂停所有往返法国的旅行，停飞往返突尼斯、埃及、阿联酋、卡塔尔和约旦航班。自3月19日起，暂停与欧洲之间的所有海上和空中的旅行，暂停与塞内加尔、马里、尼日尔、毛里塔尼亚、科特迪瓦和布基纳法索等非洲国家的航班。3月17日晚宣布进入国家紧急状态，关闭阿尔及利亚的所有边境通道，暂停一切航空和海洋运输。 
111, 科特迪瓦,3月18日晚，科特迪瓦决定采取以下新举措：所有来自确诊病例超100例国家的旅客，抵达阿比让国际机场并接受常规检查后，将被转运至国家青年和运动研究院（INJS）接受医学排查。有症状人员将被转运至指定医院接受治疗。无症状人员需接受14天强制居家隔离观察，科卫生部门将每日对隔离人员进行医学巡查。自3月20日24时起，所有来自确诊病例超100例国家的客运航班和船舶（含经停第三国）一律取消，货运航班和船舶免受上述措施影响。所有旅客，凡抵科前14天在确诊病例超100例国家有旅居史的，一律禁止入境。自3月22日起，关闭边境，禁止人员出入境流动，但允许国际货物运输，出于防疫特殊需求和安全合作目的的人员出入境通道仍将保留。自3月23日0时起关闭海陆空边境人员往来通道，直至发布新的通知；货物进出境经有关部门完成卫生检疫手续后可以进行；为满足特殊需要和有效防控疫情，科将开放人道主义和安全通道。
112,尼日尔,自3月19日起，暂停往来尼日尔的全部国际客运航班，为期两周并视情延长；关闭尼日尔全部陆路出入境口岸，但货物运输不受限制，为期两周并视情延长。自3月28日零时起进入紧急状态。自3月29日零时起，对首都尼亚美采取封城措施，为期两周并视情延长。
113,摩洛哥,宣布取消所有往返中国、意大利、西班牙、阿尔及利亚、法国、葡萄牙、德国、比利时、荷兰、奥地利、丹麦、希腊、瑞士、瑞典、挪威、土耳其、黎巴嫩、埃及、巴林、阿联酋、阿曼、约旦、突尼斯、塞内加尔、毛里塔尼亚、尼日尔、马里、乍得、加拿大和巴西的客运航班。
114,埃及,自3月19日起埃及境内全部机场暂停往来航班运行，该举措将持续至3月31日。自3月25日起，实施为期两周的全国宵禁措施，所有机场将继续暂停往来国际航班至4月15日。
115,刚果（金）,在边境口岸和主要机场设立检查站并安排卫生服务人员，对来自中国的旅客进行初步诊断，对疑似患者进行隔离。
116,赞比亚,自4月16日起，所有返赞公民和来赞外国人，必须到赞指定地点强制隔离至少14天，费用自理；赞所有驻外使领馆暂停签发旅游签证，持旅游签证将被拒绝入境。 
117,几内亚,自3月21日起30日内，全部驻外使领馆暂停向受疫情影响国家人员颁发签证，建议在国外的侨民暂勿返几，暂停与受疫情影响国家一切人员往来（包括官方团组）。 自3月22日起30日内，除货运和人道主义目的外，暂停来自受疫情影响国家（确诊病例超过30）的商业航班。 自3月27日0时起，全国进入紧急状态，暂定30天；关闭陆路边境人员往来通道30天；维持陆路边境货物运输通道，每车限乘3人，且入（出）境后须接受14天健康跟踪观察。
118,乌干达,5月4日消息，继续关闭旅客出入境通道和国际航班。其余所有“封城、封国”措施将继续延长至5月19日。  
119,圣多美和普林西比,自3月17日起，进入公共卫生紧急状态。禁止所有外国公民入境；本国公民和旅居圣普的外国侨民返圣普后进行强制居家隔离，并接受卫生和警察部门监督。由圣普政府邀请的技术和政府代表团允许入境，但须出示在始发地机场进行新冠病毒检测的证明。禁止包机降落圣多美机场和普林西比机场，禁止游轮停靠圣多美港口和普林西比港口。禁止货船、渔船、游艇的船员和乘客在圣多美港和普林西比港上岸。 
120,肯尼亚,3月15日下午，肯政府发出指令：1.除肯公民及持有有效居留许可的外国人外，暂停所有来自疫情发生国的人员入境。该命令将于48小时后生效，有效期30天，国家应急委员会可根据疫情变化情况进行调整。上述入境人员必须进行自我隔离。2.过去14天内抵肯人员均应进行自我隔离。自3月25日起，除货运航班外，所有往返肯尼亚的国际客运航班停飞。
121,马里,自3月19日起，取消所有来自有确诊病例国家的商业客运航班。
122,布隆迪,自3月6日起，所有来自中国、韩国、伊朗、意大利、法国、德国、日本、西班牙等国家的旅客将被隔离14天，从上述国家飞抵布琼布拉国际机场的旅客应遵守机场的疫情防控要求。 自3月12日起，将隔离人员范围扩大至所有来自欧盟国家的旅客以及14天内有欧盟国家旅行史的旅客。 自3月22日23点59分起，布琼布拉国际机场起降的所有商业航班停飞一周，不排除根据形势变化对上述安排进行相应调整的可能。在此期间，执行货运、医疗救护、人道主义援助和外交任务的航班不受影响，但相关航班人员需接受医疗检查。
123,埃塞俄比亚,自3月23日0时起，所有入境旅客必须在机场接受强制性检疫，且须接受14天强制隔离，费用自理。在国内机场办理值机手续时，工作人员会要求乘客准备不少于1800美元现金或visa卡，否则不予值机。到达埃塞后，首先去转机柜台交钱，领取14天酒店住宿券，然后去移民窗口办理入境手续，最后由酒店安排车辆接往酒店隔离。
124,吉布提,自3月18日起，暂停吉所有出入境民航客运航班（货运航班不受影响），并加强海陆边境口岸防控。
125,中非,要求所有国际旅客抵达中非时必须填写健康检查表并接受体温检测，所有过去14天中曾入境发生疫情国家且体温不低于38度的旅客将被视作疑似病例，必须接受检测，若结果为阴性则在家自我隔离，若结果为阳性则进行治疗。中非政府将对不配合防疫检测、不遵守隔离规定的人员进行惩处。 
126,莫桑比克,自3月20日起，莫驻外使领馆和入境口岸暂停发放签证，已发签证宣布作废。 自4月1日起，进入全国紧急状态，为期30天。除保障物资供应和公共卫生等必要情况外，政府将限制国内人员流动以及人员出入境；强制隔离所有近期入境人员和与确诊病例有过接触人员。 4月29日消息，宣布将国家紧急状态延长至5月30日23时59分。 
127,卢旺达,自3月21日凌晨起，暂停所有进出基加利国际机场的商业航班（包括卢旺达航空公司），为期一个月。自3月21日晚11:59起两周内，关闭边境；物资和货物运输不受影响；目前回国途中的卢旺达公民和合法居民仍可返回，但必须在指定地点强制隔离14天。 
128,纳米比亚,自3月14日起，暂停与卡塔尔、埃塞俄比亚、德国的旅行往来，禁令有效期为30天。3月17日宣布国家进入紧急状态。4月14日消息，将原本4月17日到期的封禁措施延长到5月4日，封禁结束前在全国范围限制流动。 
129,塞内加尔,自3月14日起，暂停邮轮停靠，加强各边境口岸卫生检查。自3月21日至4月17日，关闭领空，除货运、病患转运、经批准的包机及达喀尔—济金绍尔航班外，所有国内外航班停飞。
130,贝宁,自3月19日起的两周内，严格控制陆路边境的出入境，但经邻国政府同意的、不可避免的出入境除外。边检将加强检疫措施，所有疑似病例或不配合检查的人员将被强制隔离。限制贝宁签证发放量。所有乘飞机入境贝宁的人员必须隔离，贝宁籍人员隔离费用由政府承担，外国人费用自理。
131,利比亚,3月14日宣布进入国家紧急状态，自3月16日起，关闭机场、海港以及边境口岸，持续时间为3周。
132,索马里,自3月18日起，暂停所有国际航班15天。
133,几内亚比绍,3月18日起，关闭全国海、陆、空边境，仅对因人道主义紧急运送病人和医疗物资以及必需食品进口开放。
134,苏丹,自3月16日起，进入卫生紧急状态，关闭所有机场、海陆边境口岸，但不影响涉及人道主义和技术支持以及定期货运的航班。4月20日消息，国际客运航班关闭期限延长至5月20日。
135,突尼斯,自3月18日起，封锁陆地边界，中断国际航班。自3月22日至4月4日，在突全国范围内实施全面隔离措施。延长全国范围内全面隔离措施至4月19日。
136,多哥,所有来自高风险国家或近期有高风险国家旅行史的入境人员应进行14天自我隔离。自3月20日起，暂停与意大利、法国、西班牙、德国之间往来的所有航班，为期2周。
137,冈比亚,入境时进行健康检查，填报健康检查表和联系方式，自我居家隔离14天。冈有关部门将以上述情况进行抽查，违反规定者将受到惩处。
138,澳大利亚,自3月20日晚21点起，对所有非澳大利亚公民和非永久居民执行旅行禁令，任何不是澳大利亚公民、居民或公民、居民近亲的人将被拒绝入境。
139,新西兰,自3月20日起，新西兰关闭边境，大部分外国人不能入境新西兰。返回新西兰的新西兰公民、永久居民和持有效旅行条件的居民及其直系亲属（包括夫妻、伴侣、法定监护人及24岁以下子女）仍然可以入境，但被要求返回后进行14天的自我隔离。此外，出于人道主义原因、医疗及其他必要工作者等例外情况由新西兰移民局个案处理。 国家紧急状态延长至5月13日星期三中午12点21分。5月13日起，进入为期90天的过渡阶段。
140,马绍尔群岛,5月2日消息，暂时禁止所有国际旅行者搭乘飞机或乘船入境。
141,密克罗尼西亚联邦,5月2日消息，密联邦暂时禁止所有境外人员通过飞机或船舶入境，并加强边境检测。经密政府特别批准的来密人士需在入境后接受严格健康检测并集中强制隔离14天。
142,帕劳,自2月1日至3月31日，暂时停飞所有从中国大陆、香港、澳门直飞帕劳的航班。同时，暂时禁止（截止至3月31日）所有在最近14天内从中国大陆、香港、澳门出发或过境的人员（不含帕公民和拥有帕永居权人员）进入帕劳。所有入境人员需在入境时接受全面健康检测，并于入境后自我隔离14天。
143,所罗门群岛,禁止在过去14天内去过中国（含港澳台）的旅客入境。来自其他存在确诊新型冠状病毒感染肺炎疫情的国家和地区的旅客禁止通过巴布亚新几内亚、斐济、基里巴斯、瑙鲁中转至所。从澳大利亚布里斯班前往所的乘客，将在入境前接受严格检验。除霍尼拉港外，新增诺洛港为海运进出口清关及检疫口岸。 
144,瓦努阿图,自1月31日起，从中国（包括香港和澳门在内）来瓦的旅客均需提供个人健康证明，且该证明的签发日期应为离开中国国境后的14天至30天内，否则将被拒绝入境。自3月26日起，实施为期14天的国家紧急状态。自3月31日起，如非紧急状况、健康原因或需执行社会必需服务，禁止任何人在晚9点至凌晨4点间离开住所。 
145,巴布亚新几内亚,禁止过去14天内到过韩国、伊朗、欧盟、英国、美国和中国大陆的旅客入境巴新，除非旅客已在上述国家以外的地方完成14天隔离期。自3月14日起90天内，国际货轮必须到莫图奇亚、拉包尔、莫罗贝、马当4个指定港口之一进行隔离检疫入境，如航行到其他港口将受到处罚。国际航班只能在首都莫尔斯比港杰克逊国际机场检疫入境。自3月22日起2周，暂停与香港、马尼拉、成田、悉尼、霍尼亚拉、楠迪间的航班，保留并严格监控来自布里斯班、凯恩斯和新加坡的航班。自3月22日起1周，巴新国家航空公司新几内亚航空国际航班将暂停搭载旅客入境巴新，外交人员、疫情防控应急人员、医疗专家、顾问以及空乘人员除外，海外巴新公民仍可返回巴新，入境后进行14天自我隔离。所有入境旅客在莫尔斯比港杰克逊国际机场入境时需接受健康监测和病毒检测。出境旅客不受限制。巴新同澳大利亚凯恩斯、布里斯班以及新加坡间的货运航班正常运行。自3月24日起，进入为期14天的国家紧急状态，禁止徒步、乘船穿越巴新边境，将进一步加强边境警察、军队力量。
146,斐济,自3月19日起，不允许入境斐济前14天内去过中国大陆、意大利、伊朗、西班牙、韩国、美国和所有欧洲国家(包括英国）的非斐公民入境斐济或在斐转机。此外，任何人从海外入境斐济均需自我隔离14天。自3月20日起，暂停所有国际航班，仅保留每周两次新加坡至斐济的航班，该措施将持续至五月底。
147,萨摩亚,自3月21日午夜12时进入国家紧急状态，禁止所有前往萨摩亚的国际旅客进入萨摩亚，除非该旅行者是萨摩亚公民或居民且在进入萨摩亚5天内已经接受了医疗检查。萨摩亚和新西兰每周只有三班航班，每架客机不得搭载超过490名乘客。萨摩亚和澳大利亚之间每周只有一班航班。萨摩亚和汤加、萨摩亚和斐济、萨摩亚和美属萨摩亚航班被暂停，直至另行通知。终止萨劳工季节性赴澳新出行计划，直至另行通知。取消所有出国留学计划，直至另行通知。
148,汤加,3月20日宣布全国进入紧急状态，禁止外国公民入境。
149,美属萨摩亚,自中国大陆及香港前往美属萨摩亚的旅客，须有在无新型冠状病毒肺炎确诊或疑似病例的国家或地区居留14天及以上的记录，否则将被拒绝入境。
150,北马里亚纳群岛联邦（塞班岛）,"自1月29日起30天内，暂停所有来自中国大陆地区的旅客(注:无论其国籍,包括直达或中转)入境。"
151,马尔代夫,自3月27日起，马政府将暂停为外国游客办理落地签证，直至另行通告，所有外国人均不得入境马尔代夫。
152,阿联酋,自3月19日起，暂停对各国公民的免签、落地签政策（持外交护照人员除外）。包括中国在内的与阿联酋有免签、落地签协议的国家公民将暂时无法入境阿联酋，恢复时间另行通知。自当地时间3月19日中午12时起，两周内暂停持有阿联酋居留许可人员入境，两周后视情况再决定进一步措施。过境阿联酋人士存在无法顺利过境风险，建议尽快与航空公司联系确认。自3月23日凌晨起，48小时内取消所有进港、离港及过境航班。
153,印度,自3月13日至4月15日，除外交、公务、联合国/国际组织、就业和项目签证外，所有已签发的访印签证都将暂时停止使用；印度OCI卡持有人（印度裔外国人）暂停免签政策。任何出于“令人信服的理由”决定前往印度的外国公民，务必先与最近的印度驻外使领馆联系以获得许可。建议包括印度公民在内的旅客取消前往印度的旅行，抵达印度后会被隔离至少14天。任何国际邮轮或其船员和乘客，如果有2月1日以后前往受疫情影响国家和地区的旅行记录，在3月31日前不得进入印度任何港口。6月1日至6月30日进入下一阶段全国封锁，其间暂不恢复国际商业航班，每晚9时至次日5时在全国范围内实施宵禁。6月1日，印度内政部在官网更新了针对新冠疫情的签证和旅行政策，允许以下类别的外国公民入境印度:a.持商务签的外国商人（除体育B-3类型除外）乘坐非定期商业航班；b.在印度有关卫生部门，包括实验室和工厂从事技术工作的外国卫生专业人员、研究与技术人员、工程师等，但必须获得印度医药企业、大学以及有关卫生部门的邀请函；c.代表位于印度的外国商业实体前往印度的工程、管理、设计等方面的专家，包括制造、设计、软件、IT、金融等实体部门；d.受印度企业邀请的技术专家和工程师，前往印度进行安装、维修、保养器械等方面工作。以上所提到的外国公民，必须重新申请新的商务签证或工作签证。持有由印度使领馆所签发的有效、长期、多次入境商务签证（体育B-3签证除外）的外国公民，需要先向印度使领馆申请重新激活签证，否则直接持先前获得的任何电子签证前往印度，将被禁止入境。
154,朝鲜,暂时禁止中国公民入境，对包括朝鲜公民在内的所有近期入境人员进行30天隔离观察。 
155,约旦,自2月27日起，禁止来自中国、韩国、伊朗、意大利的非约旦籍人员入境。约方已暂停为中国、中国台北、香港、澳门等国家和地区护照持有人办理落地旅游签证。自3月17日起，暂停全部往返约旦的航班，直至另行通知（贸易运输除外）。外交使团和国际组织人员可以入境，但需要按照卫生部指示，自行隔离14天。路上、海上边境过境点以及机场针对旅行活动全部关闭，贸易运输活动除外。自3月21日早7点起，约旦全国范围内实行限制人员自由外出和流动禁令，直至另行通知。
156,以色列,自3月18日起，关闭所有边境口岸，只允许以色列公民和永久居民入境。此前允许外国人凭14天隔离证明入境的政策取消。
157,斯里兰卡,自3月17日起，斯移民局暂停为所有外国公民颁发各类签证（包含ETA、入境签证、落地签、多次入境签证、居留签证）；自意大利、韩国、伊朗、奥地利、丹麦、法国、德国、荷兰、瑞典、西班牙、瑞士、巴林、卡塔尔、英国、比利时、挪威等国来斯的所有国家旅客或者过去14天到访过上述国家的旅客将于入境当日被送至集中隔离中心进行为期14天的隔离；自上述国家之外的国家来斯的旅客应在入境当日起居家隔离14天；在斯里兰卡转机乘客无需隔离。自3月19日04:00至3月25日23:59，外国公民已获发但本人尚未入境的各类签证暂时失效；斯境内所有国际机场关闭国际商业客运航班乘客入境通道，在此期间以下航班不受限制：1.从班达拉奈克国际机场始发、经停、中转的载客航班；2.到班达拉奈克国际机场机场的紧急备降航班；3.到班达拉奈克国际机场的货运和人道主义航班；4.在班达拉奈克国际机场的技术性着陆航班；5.到班达拉奈克国际机场的进港不载客航班。3月26日消息，斯境内所有国际机场关闭国际商业客运航班乘客入境通道的措施延长至斯当地时间3月31日23:59，在此期间所有旅客不得乘坐航班入境；斯移民局继续暂停为所有外国公民颁发各类签证；3月31日23:59前，外国公民已获发但本人尚未入境的各类签证暂时失效。4月3日消息，斯境内所有国际机场关闭国际商业客运航班乘客入境通道的措施再次(第3次)延长至斯里兰卡当地时间4月7日23:59。斯移民局继续暂停为所有外国公民颁发各类签证；斯里兰卡当地时间4月7日23:59前，外国公民已获发但本人尚未入境的各类签证暂时失效。
158,亚美尼亚,国家紧急状态延长至6月13日，继续对本国公民出境及外国公民入境采取限制措施。
159,阿塞拜疆,自3月11日起，要求所有入境阿塞拜疆的旅客自抵达之日起自主居家隔离14天。对所有外国人(含无国籍人士)暂停办理电子签及巴库国际机场落地签业务至4月25日。阿驻华使馆已暂停中国公民签证申请业务。 自3月15日起，阿塞拜疆关闭与土耳其的空中和陆路交通。 自3月18日0时起，与俄罗斯互相关闭边境，但陆路货物运输不受影响。 自3月24日零时起，进入全国隔离状态，为期1个月。
160,吉尔吉斯斯坦,自3月19日零时起，临时限制所有外国公民入境，吉外交部将暂停向外国公民签发所有类别的赴吉签证。驻吉外交代表机构与国际组织代表处外交官及家属、从事国际运输的货车司机、航班机组人员、列车乘务人员以及与吉公民具有亲属关系或拥有在吉长期居留权的外国公民不适用以上限制入境政策，但须在入吉境前提前通报吉外交部。目前在吉的外国公民离吉不受限制。
161,孟加拉国,4月12日继续实施入境限制措施如下:1.4月30日前，暂停所有国家访孟公民落地签证。2.持有效签证或获取新签证的公民抵孟时需在孟机场、港口、陆地入境处出具旅行前72小时之内无新冠肺炎症状医疗证明（含英文翻译）。3.从疫情国家抵孟的乘客自抵达之日起建议隔离两周。入境时卫生官员将酌情决定是自我隔离还是在政府指定点集中隔离。自我隔离人员将被执法部门监督严格执行。4.持有效签证在孟外国公民可将其现有签证延长三个月。
162,哈萨克斯坦,自3月16日8时至4月15日7时全国进入紧急状态。除外交人员、应哈方邀请的国际组织代表团以外，严禁任何人以任何方式出入境。货车到达哈入境点时，来自一类疫情国家或最近15天内出入一类疫情国家的货车驾驶员不得入境，货物将由哈方驾驶员开进哈境内，或将货物换到哈方车上。3月26日消息，哈对新冠肺炎疫情国别分类名单进行调整：新名单中取消了原先2类疫情和3类疫情国家分类。1A类疫情国家包括法国、伊朗、意大利、西班牙、德国、印度、泰国、马来西亚、阿联酋、斯里兰卡和埃及；1B类疫情国家包括除1A类国家以外所有发现新冠肺炎病例的国家（中国为1B类）。所有自国外入境哈萨克斯坦的人员均需接受集中隔离检查。自4月1日0时起，暂停同所有国家的72小时过境免签政策至7月1日。努尔苏丹、阿拉木图两地国际机场暂停接收抵达国际航班，何时恢复另行通知。自4月1日起，所有从境外抵哈人员将接受实验室检测并在医院隔离。检测结果呈阳性者将被转移到传染病医院接受治疗，阴性者居家隔离14天。自4月4日起，哈与中国、俄罗斯、吉尔吉斯斯坦、乌兹别克斯坦部分边境汽车过境点将暂时关闭。中哈边境为阿拉木图州科尔扎特、东哈州巴克特和迈哈布奇盖。4月27日消息，国家紧急状态延长至5月11日。
163,乌兹别克斯坦,自3月16日起，乌兹别克斯坦关闭与其他国家的空中运输和公路运输。禁止本国公民离境、外国人入境。自3月30日起，彻底关闭乌兹别克斯坦的所有机场，该禁令将一直持续到4月20日零时。4月18日消息，将原定于4月20日之前解除的疫情防控措施和隔离管控规定延长至5月10日。4月30日消息，国际客运航班停飞时间将延长至6月30日，国际货运航班不受影响，继续执飞。
164,阿曼苏丹国,自3月18日12时起，阿曼海陆空口岸仅限阿曼人入境，禁止阿曼人出国。自3月29日12时起，暂时停飞所有阿曼国际（包括入港、出港）、国内（穆桑达姆省除外）客运航班。
165,塔吉克斯坦,自4月8日起，临时限制外国公民和无国籍人员出入境。 
166,沙特阿拉伯,自2月27日起，暂停赴沙朝觐（副朝）人员、有新冠肺炎确诊病例国家持旅游签证人员进入沙特。自3月9日起，暂停与阿联酋、科威特、巴林、黎巴嫩、叙利亚、埃及、伊拉克、韩国、意大利9国的航空和海路运输，暂时禁止沙特公民和在沙外籍居民前往上述国家，暂时禁止人员从上述国家入境沙特。沙特同阿联酋、科威特、巴林三国的陆路口岸仍然开放，但只允许商业货运车辆通过。自3月10日起，暂停与阿曼、法国、德国、土耳其、西班牙5国的航空和海路运输，暂时禁止沙特公民和在沙外籍居民前往上述国家，暂时禁止目前在上述国家及14天内曾到过上述国家的人员入境沙特。自3月12日起，暂停与欧盟国家、瑞士、印度、巴基坦斯、斯里兰卡、菲律宾、苏丹、埃塞俄比亚、南苏丹、厄立特里亚、肯尼亚、吉布提、索马里的航空运输，暂时禁止本国公民和在沙外籍居民前往上述国家，暂时禁止目前在上述国家及14天内曾到过上述国家的人员入境沙特。暂停与约旦的陆路口岸的人员流动，允许商业和运输活动。自3月13日起，入境沙特的所有人员自入境之日起居家隔离14天，按病假处理。沙特港务局宣布，暂停与阿联酋，科威特，巴林，阿曼，伊拉克，黎巴嫩，叙利亚，埃及，韩国，中国，欧盟国家，瑞士，印度，巴基斯坦，土耳其，厄立特里亚，斯里兰卡，埃塞俄比亚，肯尼亚，苏丹，吉布提，索马里，南苏丹、菲律宾等国家除货物以外的海上运输。暂停沙特公民和在沙外籍居民经海路出境，同时暂停来自以上国家或过去14天内曾在以上国家停留的人员入境，暂停来自以上国家或过去14天内曾在以上国家停留的船员轮换。所有企业和机构必须要求从境外返沙的所有员工以及出现呼吸症状的员工进行为期14天的居家隔离。自3月21日6时起，暂停沙特境内一切航班、客车、出租车、火车运输14天。即日起至6月30日期间，已签发的工作签证，在沙特禁止出入境期间未使用（即使签证已盖在护照上），业主可申请退还签证费，或将工作签证免费延长3个月；在沙特禁止出入境期间未使用的出入境签证，业主可申请免费延长3个月。3月29日消息，继续暂停沙特国际客运航班和国内客运航班、大巴、出租车、铁路运营。何时恢复正常，另行通知。
167,科威特,禁止两周内曾在中国内地及香港、伊朗、伊拉克、韩国、泰国、意大利、新加坡、日本停留的持科威特居留许可及签证的人员入境科威特。禁止从新加坡、日本转机人员入境科威特。暂停科威特往返伊朗、伊拉克、韩国、泰国、意大利、新加坡、日本的所有航班。自3月13日（周五）零时起，暂停一切科威特机场进出港商业航班，自通知发布至停航期间，仅允许科威特籍人士及其直系亲属乘航班抵科（货运航班、科撤侨航班除外）。
168,伊拉克,禁止中国公民通过边境口岸及机场进入伊拉克境内，为期30天。自2月1日起，伊拉克库尔德地区各机场和口岸禁止中国公民及1月14日以来曾到中国旅行的外国旅客入境，暂停受理中国公民库区电子签证，为期30天。2月25日，宣布延长针对直接或间接来自中国、伊朗的非伊拉克籍人员入境禁令直至另行通知，同时禁止直接或间接来自泰国、韩国、日本、意大利、新加坡的非伊拉克籍人员入境直至另行通知，上述国家的外交人员、官方团组除外，但需遵守伊卫生和环境部的有关安排，并建议伊公民不要前往上述国家。自3月17日下午6时至3月24日期间停飞伊境内航班，空运和过境航班不受影响。
169,蒙古,延长高度戒备状态至6月30日，继续全面停止航空、铁路、陆路口岸客运运输，禁止外国公民入境和本国公民出境。但口岸出入境货物不受上述限制。
170,巴基斯坦,自3月21日起，暂停所有飞往巴基斯坦的国际客运、包机和私人航班的运营。外交人员和特种/货运飞机不受上述条件限制，抵达时将接受适当的健康检查或根据卫生专业人员的建议进行隔离。
171,黎巴嫩,4月25日消息，将总动员令再次延长，继续关闭机场和海陆边境。 
172,土库曼斯坦,自3月20日至4月20日，限制本国公民、外国人及无国籍人出入土国界。各国和国际组织外交人员，航空、海运及铁路机组，国际货运司机，在土境内工作的外国公民可持由正规医疗机构出具的无新冠肺炎健康证明入境，健康证明内容包括姓名、性别、年龄、国籍、护照号、常住地、联系电话、旅行线路、乘坐交通工具、入境日期和目的、在土居住地、近14天内有无发热、咳嗽、呼吸困难等症状、新冠肺炎检测结果（检验结果24小时内有效）等，并附俄语或英语翻译件。如无上述健康证明，土方将禁止入境。自4月1日至5月1日期间，采取国际货运管控措施，限制从事国际运输的货运车辆入境或过境土库曼斯坦。4月7日消息，出入境管控措施将延长至5月20日。
173,巴林,自3月18日起，暂停在出入境口岸颁发落地签证的同时，所有入境旅客都将被要求自我隔离14天。来自伊朗、伊拉克、黎巴嫩等疫病流行国家的旅客仍将被禁止入境，巴林公民、海合会成员国公民和拥有在巴长期居留签证的外籍人除外。
174,土耳其,自3月2日起，暂不接受来自伊朗、伊拉克、韩国、中国和意大利五国的公民入境土耳其。有近14日内上述五国旅行记录的人员也不允许入境。土耳其宣布暂停同阿塞拜疆的陆地和空中交通，货运航班除外；暂停同格鲁吉亚的萨尔普（Sarp）边境口岸人员通行，货运除外。3月27日晚，宣布停飞所有国际航班。自4月4日0时起，安卡拉、伊斯坦布尔、伊兹密尔等30个大城市及宗古尔达克市禁止车辆出入15天（供货等特批车辆除外）。20岁以下、65岁及以上民众不得外出。集市、超市等人员密集场所必须佩戴口罩前往。包括街道在内，所有公共场所均禁止人员聚集，人员相互之间至少间隔3步，不听劝阻者将受受罚。4月14日，土耳其航空宣布继续停飞国际航线至5月20日。自4月23日起至26日，在安卡拉、伊斯坦布尔等30个大城市和宗古尔达克实施禁足令。4月29日消息，土耳其航空公司宣布继续停飞旗下所有国际、国内航班至5月28日。 
175,塞浦路斯,欧盟成员国，欧洲理事会3月17日宣布：对欧盟以外人员前往欧盟国家的“非必要旅行”进行限制。自3月15日起的15天内，禁止除以下类别外的各国公民入境：塞公民、塞合法居民、在塞工作的欧盟国家或第三国公民、根据双边协议或国际公约在指定外交机构或使团工作的他国公民、有特殊工作需要的欧盟国家或第三国公民（须塞主管部门审批同意）、在塞院校就读的欧盟或第三国公民。过境点仅限以下人员通行：塞公民、塞希族和土族人、塞浦路斯共和国合法居民、根据双边协议或国际公约在指定外交机构或使团工作的他国公民。
176,卡塔尔,自3月8日起，来自中国、韩国、伊朗、菲律宾、印度、斯里兰卡、孟加拉、巴基斯坦、泰国、伊拉克、黎巴嫩、埃及、叙利亚、尼泊尔等14个国家的所有人员将暂时不被允许入境，包括持有卡常居证件（ID）或有效签证的人员。自3月18日晚起，暂停所有入境多哈航班，为期14天，到期后可根据情况延期，货运航班和中转航班正常运营。 
177,阿富汗,对抵阿国际航班上所有乘客进行体温检测，一旦发现疑似病例将立即采取隔离措施。
178,尼泊尔,4月8日消息，将全国性封闭政策再次延长至4月15日，在此期间禁止非必要人员外出、车辆上路，禁止尼中、尼印陆路边境口岸人员通行。将此前的国际航班禁令延长至4月30日。4月15日消息，尼全国性封闭政策再次延长至4月27日，在此期间禁止非必要人员外出、车辆上路。边境口岸人员禁行延长至4月30日。4月27日消息，将全国性封闭政策延长至5月7日，尼中、尼印陆路边境口岸人员禁行延长至5月13日。全部国际、国内商业客运航班的停飞禁令延长至5月15日。
179,格鲁吉亚,"自3月18日起，全面限制外国公民入境，为期2周。以下情形的外国公民不在受限之列：派往格鲁吉亚的外交人员和国际组织代表及其家庭成员；配偶或未成年子女为格鲁吉亚公民的外国公民；赴格鲁吉亚执行人道主义救援任务的医生、志愿者等人士；格鲁吉亚官方认定的无国籍人士；持中立身份旅行证件的人士；具有格鲁吉亚难民身份的人士；外国官方代表团入境问题将个案处理。自3月21日起,暂时关闭所有抵/离格航线，“格鲁吉亚航空公司”与格政府协商同意执飞的航班除外。 "
180,叙利亚,3月19日起，暂时禁止26个国家的公民入境，其中中国等国公民2个月内不允许入境，卡塔尔等国公民1个月内不允许入境。同时，其余国家人员入境后必须接受14天居家隔离，有疑似症状者需转移至杜维尔检测中心接受隔离。自3月23日中午12时起，叙利亚和土耳其边境的卡萨卜口岸将关闭。自3月24日零时起，关闭叙黎之间所有边境口岸，禁止来自黎巴嫩的人员入境，其中包括叙公民，但货运车辆在司机通过健康检测后仍可通行。自3月22日起，暂停所有抵离叙利亚的国际航班。
181,伊朗,目前伊朗全面禁止持因私普通护照的中国公民和香港特区居民入境伊朗，无论持何种签证或居留许可均禁止入境。 
182,也门,也门政府3月14日宣布，为应对可能出现的新冠肺炎疫情，将暂停其控制区除人道主义救援外的所有航班。18日起暂时关闭政府控制区内所有陆路边境口岸，仅允许人道主义救援物资通行。此外，18日起政府控制区内所有学校停课。
